Title,Identifier,Creator,Date,Subject,Source,Rights,Format,Language,Type,Coverage,,Image
map_5,5,Emily Sautter,0,"Rockwood, PA",Berea College Special Collections and Archives,Rights Reserved by: Emily Sautter,"Paper, approximately 8.5 by 11 inches",English,Still image,Twentieth-century.,,
map_112,112,,0,"Asheville, NC",Berea College Special Collections and Archives,Rights Reserved by: ,"Paper, approximately 8.5 by 11 inches",English,Still image,Twentieth-century.,,
map_115,115,Danny Linkenhoker,1966,"Fayette, WV",Berea College Special Collections and Archives,Rights Reserved by: Danny Linkenhoker,"Paper, approximately 8.5 by 11 inches",English,Still image,Twentieth-century.,,
map_116,116,Donna Janelle Stanley,1966,"Crossnore, NC",Berea College Special Collections and Archives,Rights Reserved by: Donna Janelle Stanley,"Paper, approximately 8.5 by 11 inches",English,Still image,Twentieth-century.,,
map_117,117,Fran Alley,1966,"Kingsport, TN",Berea College Special Collections and Archives,Rights Reserved by: Fran Alley,"Paper, approximately 8.5 by 11 inches",English,Still image,Twentieth-century.,,
map_118,118,Jo Ann Pace,1966,"Hurricane Creek, KY",Berea College Special Collections and Archives,Rights Reserved by: Jo Ann Pace,"Paper, approximately 8.5 by 11 inches",English,Still image,Twentieth-century.,,
map_119,119,John Combs,1966,"Berea, KY",Berea College Special Collections and Archives,Rights Reserved by: John Combs,"Paper, approximately 8.5 by 11 inches",English,Still image,Twentieth-century.,,
map_120,120,John Johnson,0,"Hazard, KY",Berea College Special Collections and Archives,Rights Reserved by: John Johnson,"Paper, approximately 8.5 by 11 inches",English,Still image,Twentieth-century.,,
map_121,121,Linda Alder,1966,"Springfield, KY",Berea College Special Collections and Archives,Rights Reserved by: Linda Alder,"Paper, approximately 8.5 by 11 inches",English,Still image,Twentieth-century.,,
map_122,122,Linda Ann Crawford,1966,"Westmoreland, WV",Berea College Special Collections and Archives,Rights Reserved by: Linda Ann Crawford,"Paper, approximately 8.5 by 11 inches",English,Still image,Twentieth-century.,,
map_123,123,Mary Knight,1966,"Ripley, NY",Berea College Special Collections and Archives,Rights Reserved by: Mary Knight,"Paper, approximately 8.5 by 11 inches",English,Still image,Twentieth-century.,,
map_124,124,Monte Smith,1966,"Westminster, SC",Berea College Special Collections and Archives,Rights Reserved by: Monte Smith,"Paper, approximately 8.5 by 11 inches",English,Still image,Twentieth-century.,,
map_125,125,Neal L. Craig,1966,"Berea, KY",Berea College Special Collections and Archives,Rights Reserved by: Neal L. Craig,"Paper, approximately 8.5 by 11 inches",English,Still image,Twentieth-century.,,
map_126,126,Oruie,1966,"Richmond, KY",Berea College Special Collections and Archives,Rights Reserved by: Oruie,"Paper, approximately 8.5 by 11 inches",English,Still image,Twentieth-century.,,
map_127,127,Peggy E. Sisson,1966,"Oak Ridge, TN",Berea College Special Collections and Archives,Rights Reserved by: Peggy E. Sisson,"Paper, approximately 8.5 by 11 inches",English,Still image,Twentieth-century.,,
map_128,128,Ray Herndon,1966,"Dante, VA",Berea College Special Collections and Archives,Rights Reserved by: Ray Herndon,"Paper, approximately 8.5 by 11 inches",English,Still image,Twentieth-century.,,
map_129,129,Roger Benge,1966,"Negro Creek, KY",Berea College Special Collections and Archives,Rights Reserved by: Roger Benge,"Paper, approximately 8.5 by 11 inches",English,Still image,Twentieth-century.,,
map_130,130,Ron Richardson,1966,"Narrows, VA",Berea College Special Collections and Archives,Rights Reserved by: Ron Richardson,"Paper, approximately 8.5 by 11 inches",English,Still image,Twentieth-century.,,
map_131,131,Terry Taylor,1966,"Shady Spring, WV",Berea College Special Collections and Archives,Rights Reserved by: Terry Taylor,"Paper, approximately 8.5 by 11 inches",English,Still image,Twentieth-century.,,
map_132,132,William Ralph Adams,1966,"Whitesburg, KY",Berea College Special Collections and Archives,Rights Reserved by: William Ralph Adams,"Paper, approximately 8.5 by 11 inches",English,Still image,Twentieth-century.,,
map_133,133,Betsy Hodges,1967,"Martinsville, VA",Berea College Special Collections and Archives,Rights Reserved by: Betsy Hodges,"Paper, approximately 8.5 by 11 inches",English,Still image,Twentieth-century.,,
map_134,134,Randall Day,0,"Day, KY",Berea College Special Collections and Archives,Rights Reserved by: Randall Day,"Paper, approximately 8.5 by 11 inches",English,Still image,Twentieth-century.,,
map_135,135,Ray Gabbard,0,"Berea; Big Hill, KY",Berea College Special Collections and Archives,Rights Reserved by: Ray Gabbard,"Paper, approximately 8.5 by 11 inches",English,Still image,Twentieth-century.,,
map_136,136,Robert Cooper,0,"Pennington Gap, VA",Berea College Special Collections and Archives,Rights Reserved by: Robert Cooper,"Paper, approximately 8.5 by 11 inches",English,Still image,Twentieth-century.,,
map_137,137,Roemelle Stivers,0,"Berea, KY",Berea College Special Collections and Archives,Rights Reserved by: Roemelle Stivers,"Paper, approximately 8.5 by 11 inches",English,Still image,Twentieth-century.,,
map_138,138,Ronald Kenndy,0,"Clintwood, VA",Berea College Special Collections and Archives,Rights Reserved by: Ronald Kenndy,"Paper, approximately 8.5 by 11 inches",English,Still image,Twentieth-century.,,
map_139,139,Ron Estepp,0,"North Matewan, WV",Berea College Special Collections and Archives,Rights Reserved by: Ron Estepp,"Paper, approximately 8.5 by 11 inches",English,Still image,Twentieth-century.,,
map_140,140,Rozella Sturgill,0,"Jenkins, KY",Berea College Special Collections and Archives,Rights Reserved by: Rozella Sturgill,"Paper, approximately 8.5 by 11 inches",English,Still image,Twentieth-century.,,
map_141,141,Russel Moneyham,0,"Asheville, NC",Berea College Special Collections and Archives,Rights Reserved by: Russel Moneyham,"Paper, approximately 8.5 by 11 inches",English,Still image,Twentieth-century.,,
map_142,142,Patty Frasher,1949,"Louisa, KY",Berea College Special Collections and Archives,Rights Reserved by: Patty Frasher,"Paper, approximately 8.5 by 11 inches",English,Still image,Twentieth-century.,,
map_143,143,William Bishoff,1949,"Keyser, KY",Berea College Special Collections and Archives,Rights Reserved by: William Bishoff,"Paper, approximately 8.5 by 11 inches",English,Still image,Twentieth-century.,,
map_144,144,Anabelle Boggs,1950,"Looneyville, WV",Berea College Special Collections and Archives,Rights Reserved by: Anabelle Boggs,"Paper, approximately 8.5 by 11 inches",English,Still image,Twentieth-century.,,
map_145,145,Betty Joanne Ball,1950,"Adams, KY",Berea College Special Collections and Archives,Rights Reserved by: Betty Joanne Ball,"Paper, approximately 8.5 by 11 inches",English,Still image,Twentieth-century.,,
map_146,146,Gene Boyd,1950,"Prestonsburg, VA",Berea College Special Collections and Archives,Rights Reserved by: Gene Boyd,"Paper, approximately 8.5 by 11 inches",English,Still image,Twentieth-century.,,
map_147,147,Herman Dellinger,1950,"Crossnore, NC",Berea College Special Collections and Archives,Rights Reserved by: Herman Dellinger,"Paper, approximately 8.5 by 11 inches",English,Still image,Twentieth-century.,,
map_148,148,James Leatherwood,1950,"Candler, NC",Berea College Special Collections and Archives,Rights Reserved by: James Leatherwood,"Paper, approximately 8.5 by 11 inches",English,Still image,Twentieth-century.,,
map_149,149,Lula Mae Bruce,1950,"Speedwell, TN",Berea College Special Collections and Archives,Rights Reserved by: Lula Mae Bruce,"Paper, approximately 8.5 by 11 inches",English,Still image,Twentieth-century.,,
map_150,150,Mary Jane Leatherwood,1950,"Candler, NC",Berea College Special Collections and Archives,Rights Reserved by: Mary Jane Leatherwood,"Paper, approximately 8.5 by 11 inches",English,Still image,Twentieth-century.,,
map_151,151,William L. Cartes,1950,"Hiltons, VA",Berea College Special Collections and Archives,Rights Reserved by: William L. Cartes,"Paper, approximately 8.5 by 11 inches",English,Still image,Twentieth-century.,,
map_152,152,George Fulk,1951,"Bayard, WV",Berea College Special Collections and Archives,Rights Reserved by: George Fulk,"Paper, approximately 8.5 by 11 inches",English,Still image,Twentieth-century.,,
map_153,153,Gwen Lanier,1951,"Cartersville, GA",Berea College Special Collections and Archives,Rights Reserved by: Gwen Lanier,"Paper, approximately 8.5 by 11 inches",English,Still image,Twentieth-century.,,
map_154,154,Janet Albright,1951,"Brodhead, KY",Berea College Special Collections and Archives,Rights Reserved by: Janet Albright,"Paper, approximately 8.5 by 11 inches",English,Still image,Twentieth-century.,,
map_155,155,Joan Drake,1951,"Black Mountain, NC",Berea College Special Collections and Archives,Rights Reserved by: Joan Drake,"Paper, approximately 8.5 by 11 inches",English,Still image,Twentieth-century.,,
map_156,156,Josephine Kiti,1951,"Oak Ridge, WV",Berea College Special Collections and Archives,Rights Reserved by: Josephine Kiti,"Paper, approximately 8.5 by 11 inches",English,Still image,Twentieth-century.,,
map_157,157,Leona M. Dobbins,1951,"Forest City, NC",Berea College Special Collections and Archives,Rights Reserved by: Leona M. Dobbins,"Paper, approximately 8.5 by 11 inches",English,Still image,Twentieth-century.,,
map_158,158,Marian McClung,1951,"Summersville, WV",Berea College Special Collections and Archives,Rights Reserved by: Marian McClung,"Paper, approximately 8.5 by 11 inches",English,Still image,Twentieth-century.,,
map_159,159,Mary Catherine Bramlett,1951,"Stevenson, AL",Berea College Special Collections and Archives,Rights Reserved by: Mary Catherine Bramlett,"Paper, approximately 8.5 by 11 inches",English,Still image,Twentieth-century.,,
map_160,160,Masiel DeWeese,1951,"Beckley, WV",Berea College Special Collections and Archives,Rights Reserved by: Masiel DeWeese,"Paper, approximately 8.5 by 11 inches",English,Still image,Twentieth-century.,,
map_161,161,Troy Greenhill,1951,"Olive Hill, KY",Berea College Special Collections and Archives,Rights Reserved by: Troy Greenhill,"Paper, approximately 8.5 by 11 inches",English,Still image,Twentieth-century.,,
map_162,162,Emma L. Maynard,1952,"Toler, KY",Berea College Special Collections and Archives,Rights Reserved by: Emma L. Maynard,"Paper, approximately 8.5 by 11 inches",English,Still image,Twentieth-century.,,
map_163,163,Hobert Hampton,1952,"Erwin, TN",Berea College Special Collections and Archives,Rights Reserved by: Hobert Hampton,"Paper, approximately 8.5 by 11 inches",English,Still image,Twentieth-century.,,
map_164,164,Janet Colleen Murphy,1952,"Belfry, KY",Berea College Special Collections and Archives,Rights Reserved by: Janet Colleen Murphy,"Paper, approximately 8.5 by 11 inches",English,Still image,Twentieth-century.,,
map_165,165,Jesse Thomas,1952,"Lancaster, KY",Berea College Special Collections and Archives,Rights Reserved by: Jesse Thomas,"Paper, approximately 8.5 by 11 inches",English,Still image,Twentieth-century.,,
map_166,166,Wallace Halcomb,1952,"Linefork, KY",Berea College Special Collections and Archives,Rights Reserved by: Wallace Halcomb,"Paper, approximately 8.5 by 11 inches",English,Still image,Twentieth-century.,,
map_167,167,Betty Hixs,1957,"Fincastle, VA",Berea College Special Collections and Archives,Rights Reserved by: Betty Hixs,"Paper, approximately 8.5 by 11 inches",English,Still image,Twentieth-century.,,
map_168,168,Bill Hardesty,1957,"Whitman, KY",Berea College Special Collections and Archives,Rights Reserved by: Bill Hardesty,"Paper, approximately 8.5 by 11 inches",English,Still image,Twentieth-century.,,
map_169,169,Bill Hawkins,1957,"Mars Hill, NC",Berea College Special Collections and Archives,Rights Reserved by: Bill Hawkins,"Paper, approximately 8.5 by 11 inches",English,Still image,Twentieth-century.,,
map_170,170,Bob Batie,1957,"Gadsden, AL",Berea College Special Collections and Archives,Rights Reserved by: Bob Batie,"Paper, approximately 8.5 by 11 inches",English,Still image,Twentieth-century.,,
map_171,171,Hedwine Kincer,1965,"Morehead, KY",Berea College Special Collections and Archives,Rights Reserved by: Hedwine Kincer,"Paper, approximately 8.5 by 11 inches",English,Still image,Twentieth-century.,,
map_172,172,Carol Street,1961,"Kingsport, TN",Berea College Special Collections and Archives,Rights Reserved by: Carol Street,"Paper, approximately 8.5 by 11 inches",English,Still image,Twentieth-century.,,
map_173,173,Claire Kelly,1961,"Williamson, WV",Berea College Special Collections and Archives,Rights Reserved by: Claire Kelly,"Paper, approximately 8.5 by 11 inches",English,Still image,Twentieth-century.,,
map_174,174,Charles S. Davidson,1967,"Berea, KY",Berea College Special Collections and Archives,Rights Reserved by: Charles S. Davidson,"Paper, approximately 8.5 by 11 inches",English,Still image,Twentieth-century.,,
map_175,175,Hope Worrell,1968,"Rice Station, KY",Berea College Special Collections and Archives,Rights Reserved by: Hope Worrell,"Paper, approximately 8.5 by 11 inches",English,Still image,Twentieth-century.,,
map_176,176,John K. Londan,1969,"Elizabeth, KY",Berea College Special Collections and Archives,Rights Reserved by: John K. Londan,"Paper, approximately 8.5 by 11 inches",English,Still image,Twentieth-century.,,
map_177,177,Lena Prewitt,1969,"Williamsburg, KY",Berea College Special Collections and Archives,Rights Reserved by: Lena Prewitt,"Paper, approximately 8.5 by 11 inches",English,Still image,Twentieth-century.,,
map_178,178,Rose M Brockman,1952,"Sand Gap, KY",Berea College Special Collections and Archives,Rights Reserved by: Rose M Brockman,"Paper, approximately 8.5 by 11 inches",English,Still image,Twentieth-century.,,
map_179,179,Ann Lewis,0,"Kenova, WV",Berea College Special Collections and Archives,Rights Reserved by: Ann Lewis,"Paper, approximately 8.5 by 11 inches",English,Still image,Twentieth-century.,,
map_180,180,Ann Runyon,0,"Williamson, WV",Berea College Special Collections and Archives,Rights Reserved by: Ann Runyon,"Paper, approximately 8.5 by 11 inches",English,Still image,Twentieth-century.,,
map_181,181,Betty Thompson,1965,"Berea, KY",Berea College Special Collections and Archives,Rights Reserved by: Betty Thompson,"Paper, approximately 8.5 by 11 inches",English,Still image,Twentieth-century.,,
map_182,182,John Shotwell,1965,"Corbin, KY",Berea College Special Collections and Archives,Rights Reserved by: John Shotwell,"Paper, approximately 8.5 by 11 inches",English,Still image,Twentieth-century.,,
map_184,184,Arthur Williams Jr.,0,"Trammel, VA",Berea College Special Collections and Archives,Rights Reserved by: Arthur Williams Jr.,"Paper, approximately 8.5 by 11 inches",English,Still image,Twentieth-century.,,
map_185,185,Becky Henderson,0,"Berea, KY",Berea College Special Collections and Archives,Rights Reserved by: Becky Henderson,"Paper, approximately 8.5 by 11 inches",English,Still image,Twentieth-century.,,
map_186,186,Alan Lewis,0,"Bristol, TN",Berea College Special Collections and Archives,Rights Reserved by: Alan Lewis,"Paper, approximately 8.5 by 11 inches",English,Still image,Twentieth-century.,,
map_187,187,Bernard Furry,0,"Staunton, VA",Berea College Special Collections and Archives,Rights Reserved by: Bernard Furry,"Paper, approximately 8.5 by 11 inches",English,Still image,Twentieth-century.,,
map_188,188,Beecher Hines,0,"Poplarville, KY",Berea College Special Collections and Archives,Rights Reserved by: Beecher Hines,"Paper, approximately 8.5 by 11 inches",English,Still image,Twentieth-century.,,
map_189,189,Bernard Furry,0,"Staunton, VA",Berea College Special Collections and Archives,Rights Reserved by: Bernard Furry,"Paper, approximately 8.5 by 11 inches",English,Still image,Twentieth-century.,,
map_190,190,Bill Hall,0,"Wheelwright, KY",Berea College Special Collections and Archives,Rights Reserved by: Bill Hall,"Paper, approximately 8.5 by 11 inches",English,Still image,Twentieth-century.,,
map_191,191,Arthur Williams Jr.,0,"Trammel, VA",Berea College Special Collections and Archives,Rights Reserved by: Arthur Williams Jr.,"Paper, approximately 8.5 by 11 inches",English,Still image,Twentieth-century.,,
map_194,194,Bill Banks,0,"Wheelwright, KY",Berea College Special Collections and Archives,Rights Reserved by: Bill Banks,"Paper, approximately 8.5 by 11 inches",English,Still image,Twentieth-century.,,
map_195,195,Bill Hall,0,"Wheelwright, KY",Berea College Special Collections and Archives,Rights Reserved by: Bill Hall,"Paper, approximately 8.5 by 11 inches",English,Still image,Twentieth-century.,,
map_196,196,David Henderson,0,"Berea, KY",Berea College Special Collections and Archives,Rights Reserved by: David Henderson,"Paper, approximately 8.5 by 11 inches",English,Still image,Twentieth-century.,,
map_197,197,David S Thomas,0,"Buffalo, KY",Berea College Special Collections and Archives,Rights Reserved by: David S Thomas,"Paper, approximately 8.5 by 11 inches",English,Still image,Twentieth-century.,,
map_198,198,Dean Jones,0,"Kimball, WV",Berea College Special Collections and Archives,Rights Reserved by: Dean Jones,"Paper, approximately 8.5 by 11 inches",English,Still image,Twentieth-century.,,
map_199,199,Doris Watts,0,"Lost Creek, KY",Berea College Special Collections and Archives,Rights Reserved by: Doris Watts,"Paper, approximately 8.5 by 11 inches",English,Still image,Twentieth-century.,,
map_200,200,"Donald R Thomas	",0,"Berea, KY",Berea College Special Collections and Archives,"Rights Reserved by: Donald R Thomas	","Paper, approximately 8.5 by 11 inches",English,Still image,Twentieth-century.,,
map_202,202,Dorothy Chandler,0,"Tango, WV",Berea College Special Collections and Archives,Rights Reserved by: Dorothy Chandler,"Paper, approximately 8.5 by 11 inches",English,Still image,Twentieth-century.,,
map_203,203,Bonnie J. Baker,1965,"Keyser, KY",Berea College Special Collections and Archives,Rights Reserved by: Bonnie J. Baker,"Paper, approximately 8.5 by 11 inches",English,Still image,Twentieth-century.,,
map_204,204,Donna Pratt Franklin,0,"Franklin, OH",Berea College Special Collections and Archives,Rights Reserved by: Donna Pratt Franklin,"Paper, approximately 8.5 by 11 inches",English,Still image,Twentieth-century.,,
map_205,205,Jack Bragg,1965,"Ansted, WV",Berea College Special Collections and Archives,Rights Reserved by: Jack Bragg,"Paper, approximately 8.5 by 11 inches",English,Still image,Twentieth-century.,,
map_206,206,Dan Kilpatrick,1966,"Marble, NC",Berea College Special Collections and Archives,Rights Reserved by: Dan Kilpatrick,"Paper, approximately 8.5 by 11 inches",English,Still image,Twentieth-century.,,
map_207,207,Bob Colliver,1969,"Bethel, KY",Berea College Special Collections and Archives,Rights Reserved by: Bob Colliver,"Paper, approximately 8.5 by 11 inches",English,Still image,Twentieth-century.,,
map_208,208,Jerry Tolliver,1964,"Walkertown, KY",Berea College Special Collections and Archives,Rights Reserved by: Jerry Tolliver,"Paper, approximately 8.5 by 11 inches",English,Still image,Twentieth-century.,,
map_209,209,Asbury,1965,"Walkertown, KY",Berea College Special Collections and Archives,Rights Reserved by: Asbury,"Paper, approximately 8.5 by 11 inches",English,Still image,Twentieth-century.,,
map_210,210,Audie Jaye Stewart,1965,"Ross Point, KY",Berea College Special Collections and Archives,Rights Reserved by: Audie Jaye Stewart,"Paper, approximately 8.5 by 11 inches",English,Still image,Twentieth-century.,,
map_211,211,Brenda Baldwin,1965,"Kopperston, WV",Berea College Special Collections and Archives,Rights Reserved by: Brenda Baldwin,"Paper, approximately 8.5 by 11 inches",English,Still image,Twentieth-century.,,
map_212,212,E. Rees,1965,"Beckley, KY",Berea College Special Collections and Archives,Rights Reserved by: E. Rees,"Paper, approximately 8.5 by 11 inches",English,Still image,Twentieth-century.,,
map_213,213,Ginger Crain,1965,"Marshall, KY",Berea College Special Collections and Archives,Rights Reserved by: Ginger Crain,"Paper, approximately 8.5 by 11 inches",English,Still image,Twentieth-century.,,
map_214,214,Harold C. Weatherman,1965,"Elkin, SC",Berea College Special Collections and Archives,Rights Reserved by: Harold C. Weatherman,"Paper, approximately 8.5 by 11 inches",English,Still image,Twentieth-century.,,
map_215,215,JB Trout Jr.,1965,"Pinsofork, KY",Berea College Special Collections and Archives,Rights Reserved by: JB Trout Jr.,"Paper, approximately 8.5 by 11 inches",English,Still image,Twentieth-century.,,
map_216,216,Scott Fuition,0,"Frakes, KY",Berea College Special Collections and Archives,Rights Reserved by: Scott Fuition,"Paper, approximately 8.5 by 11 inches",English,Still image,Twentieth-century.,,
map_217,217,Sharon,0,"Harper, KY",Berea College Special Collections and Archives,Rights Reserved by: Sharon,"Paper, approximately 8.5 by 11 inches",English,Still image,Twentieth-century.,,
map_218,218,Shasta Ratliff,0,"Sycamore Hollow, KY",Berea College Special Collections and Archives,Rights Reserved by: Shasta Ratliff,"Paper, approximately 8.5 by 11 inches",English,Still image,Twentieth-century.,,
map_219,219,Sylvia Barnett,0,"Jefferson City, KY",Berea College Special Collections and Archives,Rights Reserved by: Sylvia Barnett,"Paper, approximately 8.5 by 11 inches",English,Still image,Twentieth-century.,,
map_220,220,Teresa Combs,0,"Ary, KY",Berea College Special Collections and Archives,Rights Reserved by: Teresa Combs,"Paper, approximately 8.5 by 11 inches",English,Still image,Twentieth-century.,,
map_221,221,Thelma Rose,0,"Ansted, WV",Berea College Special Collections and Archives,Rights Reserved by: Thelma Rose,"Paper, approximately 8.5 by 11 inches",English,Still image,Twentieth-century.,,
map_222,222,Tom Van Sant,0,"Mt. Victory, KY",Berea College Special Collections and Archives,Rights Reserved by: Tom Van Sant,"Paper, approximately 8.5 by 11 inches",English,Still image,Twentieth-century.,,
map_223,223,Tony Snow,0,"Elkin, NC",Berea College Special Collections and Archives,Rights Reserved by: Tony Snow,"Paper, approximately 8.5 by 11 inches",English,Still image,Twentieth-century.,,
map_224,224,Walen Craft,0,"Berea, KY",Berea College Special Collections and Archives,Rights Reserved by: Walen Craft,"Paper, approximately 8.5 by 11 inches",English,Still image,Twentieth-century.,,
map_225,225,Walter Olin,0,"Berea, KY",Berea College Special Collections and Archives,Rights Reserved by: Walter Olin,"Paper, approximately 8.5 by 11 inches",English,Still image,Twentieth-century.,,
map_226,226,Walter Perry,0,"Fountain City, TN",Berea College Special Collections and Archives,Rights Reserved by: Walter Perry,"Paper, approximately 8.5 by 11 inches",English,Still image,Twentieth-century.,,
map_227,227,Hobert Hampton,1952,"Erwin, TN",Berea College Special Collections and Archives,Rights Reserved by: Hobert Hampton,"Paper, approximately 8.5 by 11 inches",English,Still image,Twentieth-century.,,
map_228,228,joyce Tolliver,1961,"Nepton, KY",Berea College Special Collections and Archives,Rights Reserved by: joyce Tolliver,"Paper, approximately 8.5 by 11 inches",English,Still image,Twentieth-century.,,
map_229,229,Gary Cooke,1961,"Somerset, KY",Berea College Special Collections and Archives,Rights Reserved by: Gary Cooke,"Paper, approximately 8.5 by 11 inches",English,Still image,Twentieth-century.,,
map_230,230,Kash Mullins,1961,"Vicco, KY",Berea College Special Collections and Archives,Rights Reserved by: Kash Mullins,"Paper, approximately 8.5 by 11 inches",English,Still image,Twentieth-century.,,
map_231,231,Pat Powell,1961,"Cincinnati, OH",Berea College Special Collections and Archives,Rights Reserved by: Pat Powell,"Paper, approximately 8.5 by 11 inches",English,Still image,Twentieth-century.,,
map_232,232,Wayne Carpenter,1961,"Three Mile, NC",Berea College Special Collections and Archives,Rights Reserved by: Wayne Carpenter,"Paper, approximately 8.5 by 11 inches",English,Still image,Twentieth-century.,,
map_233,233,Willie Frances Moore,1961,"Lancaster, KY",Berea College Special Collections and Archives,Rights Reserved by: Willie Frances Moore,"Paper, approximately 8.5 by 11 inches",English,Still image,Twentieth-century.,,
map_234,234,Richard Deaton,1961,"Tina, KY",Berea College Special Collections and Archives,Rights Reserved by: Richard Deaton,"Paper, approximately 8.5 by 11 inches",English,Still image,Twentieth-century.,,
map_235,235,Bill Stark,1962,"Berea, KY",Berea College Special Collections and Archives,Rights Reserved by: Bill Stark,"Paper, approximately 8.5 by 11 inches",English,Still image,Twentieth-century.,,
map_236,236,Don Spence,1962,"Tomahawk, KY",Berea College Special Collections and Archives,Rights Reserved by: Don Spence,"Paper, approximately 8.5 by 11 inches",English,Still image,Twentieth-century.,,
map_237,237,Donna Le Master,1962,"Ashland, KY",Berea College Special Collections and Archives,Rights Reserved by: Donna Le Master,"Paper, approximately 8.5 by 11 inches",English,Still image,Twentieth-century.,,
map_238,238,Elton White,1962,"Welch, WV",Berea College Special Collections and Archives,Rights Reserved by: Elton White,"Paper, approximately 8.5 by 11 inches",English,Still image,Twentieth-century.,,
map_239,239,Jo Anne McClelland,1962,"Fayetteville, WV",Berea College Special Collections and Archives,Rights Reserved by: Jo Anne McClelland,"Paper, approximately 8.5 by 11 inches",English,Still image,Twentieth-century.,,
map_240,240,Naomi McConnell,1962,"Coeburn, VA",Berea College Special Collections and Archives,Rights Reserved by: Naomi McConnell,"Paper, approximately 8.5 by 11 inches",English,Still image,Twentieth-century.,,
map_241,241,Penny Hale,1962,"Wytheville, KY",Berea College Special Collections and Archives,Rights Reserved by: Penny Hale,"Paper, approximately 8.5 by 11 inches",English,Still image,Twentieth-century.,,
map_242,242,Ruth Lanier,1962,"Cartersville, GA",Berea College Special Collections and Archives,Rights Reserved by: Ruth Lanier,"Paper, approximately 8.5 by 11 inches",English,Still image,Twentieth-century.,,
map_243,243,Carlos R. Jackson,1963,"Fort Gay, WV",Berea College Special Collections and Archives,Rights Reserved by: Carlos R. Jackson,"Paper, approximately 8.5 by 11 inches",English,Still image,Twentieth-century.,,
map_244,244,Doris Jean Watts,1963,"Lost Creek, KY",Berea College Special Collections and Archives,Rights Reserved by: Doris Jean Watts,"Paper, approximately 8.5 by 11 inches",English,Still image,Twentieth-century.,,
map_245,245,Jack Cassell,1963,"Coeburn, KY",Berea College Special Collections and Archives,Rights Reserved by: Jack Cassell,"Paper, approximately 8.5 by 11 inches",English,Still image,Twentieth-century.,,
map_246,246,James C. Owens,1963,"Prater, VA",Berea College Special Collections and Archives,Rights Reserved by: James C. Owens,"Paper, approximately 8.5 by 11 inches",English,Still image,Twentieth-century.,,
map_247,247,,0,"Holden, VA",Berea College Special Collections and Archives,Rights Reserved by: ,"Paper, approximately 8.5 by 11 inches",English,Still image,Twentieth-century.,,
map_248,248,Jim Lawson,0,"Exeter, VA",Berea College Special Collections and Archives,Rights Reserved by: Jim Lawson,"Paper, approximately 8.5 by 11 inches",English,Still image,Twentieth-century.,,
map_249,249,Jim O\'Bryan,0,"London, KY",Berea College Special Collections and Archives,Rights Reserved by: Jim O\'Bryan,"Paper, approximately 8.5 by 11 inches",English,Still image,Twentieth-century.,,
map_250,250,Joan Williams,0,"Springfield, OH",Berea College Special Collections and Archives,Rights Reserved by: Joan Williams,"Paper, approximately 8.5 by 11 inches",English,Still image,Twentieth-century.,,
map_251,251,Joyce Cooper,0,"Pine Knot, KY",Berea College Special Collections and Archives,Rights Reserved by: Joyce Cooper,"Paper, approximately 8.5 by 11 inches",English,Still image,Twentieth-century.,,
map_252,252,,0,"Lancaster, KY",Berea College Special Collections and Archives,Rights Reserved by: ,"Paper, approximately 8.5 by 11 inches",English,Still image,Twentieth-century.,,
map_253,253,Larry Carroll,0,"Grahn, KY",Berea College Special Collections and Archives,Rights Reserved by: Larry Carroll,"Paper, approximately 8.5 by 11 inches",English,Still image,Twentieth-century.,,
map_254,254,Larry Sweeney,0,"Beckley, KY",Berea College Special Collections and Archives,Rights Reserved by: Larry Sweeney,"Paper, approximately 8.5 by 11 inches",English,Still image,Twentieth-century.,,
map_255,255,Linda Farley,0,"Beckley, WV",Berea College Special Collections and Archives,Rights Reserved by: Linda Farley,"Paper, approximately 8.5 by 11 inches",English,Still image,Twentieth-century.,,
map_256,256,Linda Wilburn,0,"Lenoir, TN",Berea College Special Collections and Archives,Rights Reserved by: Linda Wilburn,"Paper, approximately 8.5 by 11 inches",English,Still image,Twentieth-century.,,
map_257,257,Lonna Hurley,0,"Lafayette, GA",Berea College Special Collections and Archives,Rights Reserved by: Lonna Hurley,"Paper, approximately 8.5 by 11 inches",English,Still image,Twentieth-century.,,
map_259,259,Loretta Bryson,0,"Henersonville, TN",Berea College Special Collections and Archives,Rights Reserved by: Loretta Bryson,"Paper, approximately 8.5 by 11 inches",English,Still image,Twentieth-century.,,
map_260,260,Lori Dice,0,"Montgomery, AL",Berea College Special Collections and Archives,Rights Reserved by: Lori Dice,"Paper, approximately 8.5 by 11 inches",English,Still image,Twentieth-century.,,
map_261,261,Margaret Curry,0,"Pierce, KY",Berea College Special Collections and Archives,Rights Reserved by: Margaret Curry,"Paper, approximately 8.5 by 11 inches",English,Still image,Twentieth-century.,,
map_262,262,Mary Bramlett,0,"Stevenson, AL",Berea College Special Collections and Archives,Rights Reserved by: Mary Bramlett,"Paper, approximately 8.5 by 11 inches",English,Still image,Twentieth-century.,,
map_263,263,Mike Dayton,0,"Burnsville, NC",Berea College Special Collections and Archives,Rights Reserved by: Mike Dayton,"Paper, approximately 8.5 by 11 inches",English,Still image,Twentieth-century.,,
map_264,264,Mike Dayton,0,"Burnsville, NC",Berea College Special Collections and Archives,Rights Reserved by: Mike Dayton,"Paper, approximately 8.5 by 11 inches",English,Still image,Twentieth-century.,,
map_265,265,Pam Billings,0,"Smithville, TN",Berea College Special Collections and Archives,Rights Reserved by: Pam Billings,"Paper, approximately 8.5 by 11 inches",English,Still image,Twentieth-century.,,
map_266,266,Randy Miller,0,"Middleburg, KY",Berea College Special Collections and Archives,Rights Reserved by: Randy Miller,"Paper, approximately 8.5 by 11 inches",English,Still image,Twentieth-century.,,
map_267,267,,0,"Wheelwright, KY",Berea College Special Collections and Archives,Rights Reserved by: ,"Paper, approximately 8.5 by 11 inches",English,Still image,Twentieth-century.,,
map_268,268,Guy Henrick,0,"Midway, VA",Berea College Special Collections and Archives,Rights Reserved by: Guy Henrick,"Paper, approximately 8.5 by 11 inches",English,Still image,Twentieth-century.,,
map_269,269,Jack Dills,0,"Wesser, NC",Berea College Special Collections and Archives,Rights Reserved by: Jack Dills,"Paper, approximately 8.5 by 11 inches",English,Still image,Twentieth-century.,,
map_270,270,James Waddell,0,"Flemingsburg, KY",Berea College Special Collections and Archives,Rights Reserved by: James Waddell,"Paper, approximately 8.5 by 11 inches",English,Still image,Twentieth-century.,,
map_271,271,John D. Bradley,0,"Madison, WV",Berea College Special Collections and Archives,Rights Reserved by: John D. Bradley,"Paper, approximately 8.5 by 11 inches",English,Still image,Twentieth-century.,,
map_272,272,Judy McLaughlin,0,"Cobb, GA",Berea College Special Collections and Archives,Rights Reserved by: Judy McLaughlin,"Paper, approximately 8.5 by 11 inches",English,Still image,Twentieth-century.,,
map_273,273,Judy Myers,0,"Belfry, KY",Berea College Special Collections and Archives,Rights Reserved by: Judy Myers,"Paper, approximately 8.5 by 11 inches",English,Still image,Twentieth-century.,,
map_274,274,June Mullins,0,"Climax, KY",Berea College Special Collections and Archives,Rights Reserved by: June Mullins,"Paper, approximately 8.5 by 11 inches",English,Still image,Twentieth-century.,,
map_275,275,Katie Bateman,0,"Cattlettsburg, OH",Berea College Special Collections and Archives,Rights Reserved by: Katie Bateman,"Paper, approximately 8.5 by 11 inches",English,Still image,Twentieth-century.,,
map_276,276,Ken Farley,0,"Berea, KY",Berea College Special Collections and Archives,Rights Reserved by: Ken Farley,"Paper, approximately 8.5 by 11 inches",English,Still image,Twentieth-century.,,
map_277,277,Larry Blondell,0,"Middleburg, KY",Berea College Special Collections and Archives,Rights Reserved by: Larry Blondell,"Paper, approximately 8.5 by 11 inches",English,Still image,Twentieth-century.,,
map_278,278,Lattie M. Corbin,0,"Franklin, NC",Berea College Special Collections and Archives,Rights Reserved by: Lattie M. Corbin,"Paper, approximately 8.5 by 11 inches",English,Still image,Twentieth-century.,,
map_279,279,Lee C. Hahn,0,"Berea, KY",Berea College Special Collections and Archives,Rights Reserved by: Lee C. Hahn,"Paper, approximately 8.5 by 11 inches",English,Still image,Twentieth-century.,,
map_280,280,Leona Baldwin,0,"Canada, KY",Berea College Special Collections and Archives,Rights Reserved by: Leona Baldwin,"Paper, approximately 8.5 by 11 inches",English,Still image,Twentieth-century.,,
map_281,281,Leo S. Arnold,0,"Levale, WV",Berea College Special Collections and Archives,Rights Reserved by: Leo S. Arnold,"Paper, approximately 8.5 by 11 inches",English,Still image,Twentieth-century.,,
map_282,282,Lois McCarthy,0,"Gallagher, WV",Berea College Special Collections and Archives,Rights Reserved by: Lois McCarthy,"Paper, approximately 8.5 by 11 inches",English,Still image,Twentieth-century.,,
map_283,283,Lonnie Moore,0,"Hazard, KY",Berea College Special Collections and Archives,Rights Reserved by: Lonnie Moore,"Paper, approximately 8.5 by 11 inches",English,Still image,Twentieth-century.,,
map_284,284,Louis Crawford,0,"Berea, KY",Berea College Special Collections and Archives,Rights Reserved by: Louis Crawford,"Paper, approximately 8.5 by 11 inches",English,Still image,Twentieth-century.,,
map_285,285,Lucy Roizer,0,"Hayesville, NC",Berea College Special Collections and Archives,Rights Reserved by: Lucy Roizer,"Paper, approximately 8.5 by 11 inches",English,Still image,Twentieth-century.,,
map_286,286,Lydia J. Evans,0,"Berea, KY",Berea College Special Collections and Archives,Rights Reserved by: Lydia J. Evans,"Paper, approximately 8.5 by 11 inches",English,Still image,Twentieth-century.,,
map_287,287,A. Yablonski,1949,"Gentry Town, WV",Berea College Special Collections and Archives,Rights Reserved by: A. Yablonski,"Paper, approximately 8.5 by 11 inches",English,Still image,Twentieth-century.,,
map_288,288,Ambrose,1949,"Berea, KY",Berea College Special Collections and Archives,Rights Reserved by: Ambrose,"Paper, approximately 8.5 by 11 inches",English,Still image,Twentieth-century.,,
map_289,289,Cora Jean Little,1949,"Beattyville, KY",Berea College Special Collections and Archives,Rights Reserved by: Cora Jean Little,"Paper, approximately 8.5 by 11 inches",English,Still image,Twentieth-century.,,
map_290,290,Elizabeth Thomas,1949,"Banner, VA",Berea College Special Collections and Archives,Rights Reserved by: Elizabeth Thomas,"Paper, approximately 8.5 by 11 inches",English,Still image,Twentieth-century.,,
map_291,291,Grace Turner,1949,"Rupert, WV",Berea College Special Collections and Archives,Rights Reserved by: Grace Turner,"Paper, approximately 8.5 by 11 inches",English,Still image,Twentieth-century.,,
map_292,292,Henry Sutherland,1949,"Wytheville, VA",Berea College Special Collections and Archives,Rights Reserved by: Henry Sutherland,"Paper, approximately 8.5 by 11 inches",English,Still image,Twentieth-century.,,
map_293,293,Joan Ramey,1949,"Gesling, KY",Berea College Special Collections and Archives,Rights Reserved by: Joan Ramey,"Paper, approximately 8.5 by 11 inches",English,Still image,Twentieth-century.,,
map_294,294,Parry Steele,1949,"Holden, WV",Berea College Special Collections and Archives,Rights Reserved by: Parry Steele,"Paper, approximately 8.5 by 11 inches",English,Still image,Twentieth-century.,,
map_295,295,Robert Hill,1949,"Petersburg, KY",Berea College Special Collections and Archives,Rights Reserved by: Robert Hill,"Paper, approximately 8.5 by 11 inches",English,Still image,Twentieth-century.,,
map_296,296,Sarah Perdue,1949,"Bluefield, VA",Berea College Special Collections and Archives,Rights Reserved by: Sarah Perdue,"Paper, approximately 8.5 by 11 inches",English,Still image,Twentieth-century.,,
map_297,297,Stanley Shrader,1949,"Rainelle, WV",Berea College Special Collections and Archives,Rights Reserved by: Stanley Shrader,"Paper, approximately 8.5 by 11 inches",English,Still image,Twentieth-century.,,
map_298,298,Stephen Burkhart,1949,"Wallins, KY",Berea College Special Collections and Archives,Rights Reserved by: Stephen Burkhart,"Paper, approximately 8.5 by 11 inches",English,Still image,Twentieth-century.,,
map_299,299,J.R. Boyd Jr.,1953,"Oak Ridge, TN",Berea College Special Collections and Archives,Rights Reserved by: J.R. Boyd Jr.,"Paper, approximately 8.5 by 11 inches",English,Still image,Twentieth-century.,,
map_300,300,Mary Plummer,1953,"Oak Ridge, TN",Berea College Special Collections and Archives,Rights Reserved by: Mary Plummer,"Paper, approximately 8.5 by 11 inches",English,Still image,Twentieth-century.,,
map_301,301,Sylvia Hitchcock,1953,"Oak Ridge, TN",Berea College Special Collections and Archives,Rights Reserved by: Sylvia Hitchcock,"Paper, approximately 8.5 by 11 inches",English,Still image,Twentieth-century.,,
map_302,302,James Greer,1954,"Boone, NC",Berea College Special Collections and Archives,Rights Reserved by: James Greer,"Paper, approximately 8.5 by 11 inches",English,Still image,Twentieth-century.,,
map_303,303,Ray Himes,0,"Berea, KY",Berea College Special Collections and Archives,Rights Reserved by: Ray Himes,"Paper, approximately 8.5 by 11 inches",English,Still image,Twentieth-century.,,
map_304,304,Michael Arrington,0,"Leicester, NC",Berea College Special Collections and Archives,Rights Reserved by: Michael Arrington,"Paper, approximately 8.5 by 11 inches",English,Still image,Twentieth-century.,,
map_305,305,Marilyn Oliver,0,"Brighton, AL",Berea College Special Collections and Archives,Rights Reserved by: Marilyn Oliver,"Paper, approximately 8.5 by 11 inches",English,Still image,Twentieth-century.,,
map_306,306,Martha Blair,0,"Rockfork, KY",Berea College Special Collections and Archives,Rights Reserved by: Martha Blair,"Paper, approximately 8.5 by 11 inches",English,Still image,Twentieth-century.,,
map_307,307,Mary Bastie,0,"Asheville, NC",Berea College Special Collections and Archives,Rights Reserved by: Mary Bastie,"Paper, approximately 8.5 by 11 inches",English,Still image,Twentieth-century.,,
map_308,308,Robyn Noel,0,"Knoxville, TN",Berea College Special Collections and Archives,Rights Reserved by: Robyn Noel,"Paper, approximately 8.5 by 11 inches",English,Still image,Twentieth-century.,,
map_309,309,Mary L. Hicks,0,"Lockbridge, WV",Berea College Special Collections and Archives,Rights Reserved by: Mary L. Hicks,"Paper, approximately 8.5 by 11 inches",English,Still image,Twentieth-century.,,
map_311,311,McArthur Watts,0,"Hallie, KY",Berea College Special Collections and Archives,Rights Reserved by: McArthur Watts,"Paper, approximately 8.5 by 11 inches",English,Still image,Twentieth-century.,,
map_312,312,Billy Chadwell,0,"White Oak, TN",Berea College Special Collections and Archives,Rights Reserved by: Billy Chadwell,"Paper, approximately 8.5 by 11 inches",English,Still image,Twentieth-century.,,
map_313,313,Mike Harvey,0,"Beckley, WV",Berea College Special Collections and Archives,Rights Reserved by: Mike Harvey,"Paper, approximately 8.5 by 11 inches",English,Still image,Twentieth-century.,,
map_314,314,Mildred Martin,0,"Three Links, KY",Berea College Special Collections and Archives,Rights Reserved by: Mildred Martin,"Paper, approximately 8.5 by 11 inches",English,Still image,Twentieth-century.,,
map_315,315,Carl Hoefer,0,"Hardin Valley, TN",Berea College Special Collections and Archives,Rights Reserved by: Carl Hoefer,"Paper, approximately 8.5 by 11 inches",English,Still image,Twentieth-century.,,
map_316,316,Nancy Moon,0,"Paint Lick, KY",Berea College Special Collections and Archives,Rights Reserved by: Nancy Moon,"Paper, approximately 8.5 by 11 inches",English,Still image,Twentieth-century.,,
map_317,317,Susan Smith,0,"Letcher, KY",Berea College Special Collections and Archives,Rights Reserved by: Susan Smith,"Paper, approximately 8.5 by 11 inches",English,Still image,Twentieth-century.,,
map_318,318,Larry Carroll,1965,"Grahn, KY",Berea College Special Collections and Archives,Rights Reserved by: Larry Carroll,"Paper, approximately 8.5 by 11 inches",English,Still image,Twentieth-century.,,
map_319,319,Nelson Sandifun,0,"Williamson, WV",Berea College Special Collections and Archives,Rights Reserved by: Nelson Sandifun,"Paper, approximately 8.5 by 11 inches",English,Still image,Twentieth-century.,,
map_320,320,Linda Wynkoop,1965,"Berryville, KY",Berea College Special Collections and Archives,Rights Reserved by: Linda Wynkoop,"Paper, approximately 8.5 by 11 inches",English,Still image,Twentieth-century.,,
map_321,321,Thomas Demond,0,", KY",Berea College Special Collections and Archives,Rights Reserved by: Thomas Demond,"Paper, approximately 8.5 by 11 inches",English,Still image,Twentieth-century.,,
map_322,322,Pamela Cline,0,"Baisden, WV",Berea College Special Collections and Archives,Rights Reserved by: Pamela Cline,"Paper, approximately 8.5 by 11 inches",English,Still image,Twentieth-century.,,
map_323,323,Majorie Vivian,1965,"Hazard, KY",Berea College Special Collections and Archives,Rights Reserved by: Majorie Vivian,"Paper, approximately 8.5 by 11 inches",English,Still image,Twentieth-century.,,
map_324,324,Morris Lamb,1964,"Mitchellsburg, KY",Berea College Special Collections and Archives,Rights Reserved by: Morris Lamb,"Paper, approximately 8.5 by 11 inches",English,Still image,Twentieth-century.,,
map_325,325,M. Vance,0,"Road Mountain, TN",Berea College Special Collections and Archives,Rights Reserved by: M. Vance,"Paper, approximately 8.5 by 11 inches",English,Still image,Twentieth-century.,,
map_326,326,Pat Morris,0,", KY",Berea College Special Collections and Archives,Rights Reserved by: Pat Morris,"Paper, approximately 8.5 by 11 inches",English,Still image,Twentieth-century.,,
map_327,327,Theodore Fuller,1965,"Birmingham, AL",Berea College Special Collections and Archives,Rights Reserved by: Theodore Fuller,"Paper, approximately 8.5 by 11 inches",English,Still image,Twentieth-century.,,
map_328,328,,1965,"Wheelwright, KY",Berea College Special Collections and Archives,Rights Reserved by: ,"Paper, approximately 8.5 by 11 inches",English,Still image,Twentieth-century.,,
map_329,329,Lucia Lutts,0,", KY",Berea College Special Collections and Archives,Rights Reserved by: Lucia Lutts,"Paper, approximately 8.5 by 11 inches",English,Still image,Twentieth-century.,,
map_330,330,Paul Beene,0,"Soddy-Daisy, TN",Berea College Special Collections and Archives,Rights Reserved by: Paul Beene,"Paper, approximately 8.5 by 11 inches",English,Still image,Twentieth-century.,,
map_331,331,Louis Clay,0,", WV",Berea College Special Collections and Archives,Rights Reserved by: Louis Clay,"Paper, approximately 8.5 by 11 inches",English,Still image,Twentieth-century.,,
map_332,332,Paul Jones,0,"Bristol, TN",Berea College Special Collections and Archives,Rights Reserved by: Paul Jones,"Paper, approximately 8.5 by 11 inches",English,Still image,Twentieth-century.,,
map_333,333,Kraig Moody,0,"Chillicothe, OH",Berea College Special Collections and Archives,Rights Reserved by: Kraig Moody,"Paper, approximately 8.5 by 11 inches",English,Still image,Twentieth-century.,,
map_334,334,Peggy Taylor,0,"Dehue, WV",Berea College Special Collections and Archives,Rights Reserved by: Peggy Taylor,"Paper, approximately 8.5 by 11 inches",English,Still image,Twentieth-century.,,
map_335,335,Kevin Smith,0,", GA",Berea College Special Collections and Archives,Rights Reserved by: Kevin Smith,"Paper, approximately 8.5 by 11 inches",English,Still image,Twentieth-century.,,
map_336,336,Rachel Leach,0,"Pine Mountain, KY",Berea College Special Collections and Archives,Rights Reserved by: Rachel Leach,"Paper, approximately 8.5 by 11 inches",English,Still image,Twentieth-century.,,
map_337,337,Raleigh Johnson,0,"Hazard, KY",Berea College Special Collections and Archives,Rights Reserved by: Raleigh Johnson,"Paper, approximately 8.5 by 11 inches",English,Still image,Twentieth-century.,,
map_338,338,Kenneth Pugh,0,", KY",Berea College Special Collections and Archives,Rights Reserved by: Kenneth Pugh,"Paper, approximately 8.5 by 11 inches",English,Still image,Twentieth-century.,,
map_339,339,Rex Gardner,0,"Hiltons, VA",Berea College Special Collections and Archives,Rights Reserved by: Rex Gardner,"Paper, approximately 8.5 by 11 inches",English,Still image,Twentieth-century.,,
map_340,340,Kelly Wright,0,", KY",Berea College Special Collections and Archives,Rights Reserved by: Kelly Wright,"Paper, approximately 8.5 by 11 inches",English,Still image,Twentieth-century.,,
map_341,341,Jonathan Kitchen,0,", KY",Berea College Special Collections and Archives,Rights Reserved by: Jonathan Kitchen,"Paper, approximately 8.5 by 11 inches",English,Still image,Twentieth-century.,,
map_342,342,John Spice,0,"Berea, KY",Berea College Special Collections and Archives,Rights Reserved by: John Spice,"Paper, approximately 8.5 by 11 inches",English,Still image,Twentieth-century.,,
map_343,343,Ben Thomas,2008,"Beattyville, KY",Berea College Special Collections and Archives,Rights Reserved by: Ben Thomas,"Paper, approximately 8.5 by 11 inches",English,Still image,Twentieth-century.,,
map_344,344,Jimmy Blair,0,"Sardinia, OH",Berea College Special Collections and Archives,Rights Reserved by: Jimmy Blair,"Paper, approximately 8.5 by 11 inches",English,Still image,Twentieth-century.,,
map_345,345,Brittany Buchanan,2008,"Barbourville, KY",Berea College Special Collections and Archives,Rights Reserved by: Brittany Buchanan,"Paper, approximately 8.5 by 11 inches",English,Still image,Twentieth-century.,,
map_346,346,Hugh Wallace,0,"Birmingham, AL",Berea College Special Collections and Archives,Rights Reserved by: Hugh Wallace,"Paper, approximately 8.5 by 11 inches",English,Still image,Twentieth-century.,,
map_347,347,Chris Holiday,2008,"Beattyville, KY",Berea College Special Collections and Archives,Rights Reserved by: Chris Holiday,"Paper, approximately 8.5 by 11 inches",English,Still image,Twentieth-century.,,
map_348,348,Gerald Hogan,0,"Lipscomb, AL",Berea College Special Collections and Archives,Rights Reserved by: Gerald Hogan,"Paper, approximately 8.5 by 11 inches",English,Still image,Twentieth-century.,,
map_349,349,Kendra Combs,2008,"Booneville, KY",Berea College Special Collections and Archives,Rights Reserved by: Kendra Combs,"Paper, approximately 8.5 by 11 inches",English,Still image,Twentieth-century.,,
map_351,351,Levi Sutton,2008,"Gatlinburg, TN",Berea College Special Collections and Archives,Rights Reserved by: Levi Sutton,"Paper, approximately 8.5 by 11 inches",English,Still image,Twentieth-century.,,
map_352,352,Dwina Martin,0,"Honaker, VA",Berea College Special Collections and Archives,Rights Reserved by: Dwina Martin,"Paper, approximately 8.5 by 11 inches",English,Still image,Twentieth-century.,,
map_353,353,Michael Belcher,2008,"Grundy, KY",Berea College Special Collections and Archives,Rights Reserved by: Michael Belcher,"Paper, approximately 8.5 by 11 inches",English,Still image,Twentieth-century.,,
map_354,354,Daphne Trumbo,0,"Lancaster, KY",Berea College Special Collections and Archives,Rights Reserved by: Daphne Trumbo,"Paper, approximately 8.5 by 11 inches",English,Still image,Twentieth-century.,,
map_355,355,Molly Jack,2008,", KY",Berea College Special Collections and Archives,Rights Reserved by: Molly Jack,"Paper, approximately 8.5 by 11 inches",English,Still image,Twentieth-century.,,
map_356,356,Casey Silver,0,"Corbin, KY",Berea College Special Collections and Archives,Rights Reserved by: Casey Silver,"Paper, approximately 8.5 by 11 inches",English,Still image,Twentieth-century.,,
map_357,357,Brian Skeen,0,"Parkersburg, WV",Berea College Special Collections and Archives,Rights Reserved by: Brian Skeen,"Paper, approximately 8.5 by 11 inches",English,Still image,Twentieth-century.,,
map_358,358,Natasha Smith,2008,"Manchester, KY",Berea College Special Collections and Archives,Rights Reserved by: Natasha Smith,"Paper, approximately 8.5 by 11 inches",English,Still image,Twentieth-century.,,
map_359,359,,0,"Berea, KY",Berea College Special Collections and Archives,Rights Reserved by: ,"Paper, approximately 8.5 by 11 inches",English,Still image,Twentieth-century.,,
map_360,360,Amy Hoggard,0,"Marion, NC",Berea College Special Collections and Archives,Rights Reserved by: Amy Hoggard,"Paper, approximately 8.5 by 11 inches",English,Still image,Twentieth-century.,,
map_361,361,Amy Ellis,0,"Cincinnati, OH",Berea College Special Collections and Archives,Rights Reserved by: Amy Ellis,"Paper, approximately 8.5 by 11 inches",English,Still image,Twentieth-century.,,
map_362,362,Telia Bolin,2008,", KY",Berea College Special Collections and Archives,Rights Reserved by: Telia Bolin,"Paper, approximately 8.5 by 11 inches",English,Still image,Twentieth-century.,,
map_363,363,Amanda Carney,0,", KY",Berea College Special Collections and Archives,Rights Reserved by: Amanda Carney,"Paper, approximately 8.5 by 11 inches",English,Still image,Twentieth-century.,,
map_365,365,Harold Brown,0,"Crab Orchard, KY",Berea College Special Collections and Archives,Rights Reserved by: Harold Brown,"Paper, approximately 8.5 by 11 inches",English,Still image,Twentieth-century.,,
map_366,366,Glen Brashear,0,"Whitesburg, KY",Berea College Special Collections and Archives,Rights Reserved by: Glen Brashear,"Paper, approximately 8.5 by 11 inches",English,Still image,Twentieth-century.,,
map_367,367,Tara Eades,1991,"Berea, KY",Berea College Special Collections and Archives,Rights Reserved by: Tara Eades,"Paper, approximately 8.5 by 11 inches",English,Still image,Twentieth-century.,,
map_368,368,Harold Haga,0,", KY",Berea College Special Collections and Archives,Rights Reserved by: Harold Haga,"Paper, approximately 8.5 by 11 inches",English,Still image,Twentieth-century.,,
map_369,369,Kim Reeves,1991,"Cincinnati, OH",Berea College Special Collections and Archives,Rights Reserved by: Kim Reeves,"Paper, approximately 8.5 by 11 inches",English,Still image,Twentieth-century.,,
map_370,370,Harry Wolford,0,"Thomas, WV",Berea College Special Collections and Archives,Rights Reserved by: Harry Wolford,"Paper, approximately 8.5 by 11 inches",English,Still image,Twentieth-century.,,
map_371,371,Kim Hartwell,1991,"Spring Hill, WV",Berea College Special Collections and Archives,Rights Reserved by: Kim Hartwell,"Paper, approximately 8.5 by 11 inches",English,Still image,Twentieth-century.,,
map_372,372,Harvey,0,"Berea, KY",Berea College Special Collections and Archives,Rights Reserved by: Harvey,"Paper, approximately 8.5 by 11 inches",English,Still image,Twentieth-century.,,
map_374,374,Hazel Dicken,0,"Willis Creek, KY",Berea College Special Collections and Archives,Rights Reserved by: Hazel Dicken,"Paper, approximately 8.5 by 11 inches",English,Still image,Twentieth-century.,,
map_375,375,Crystal Spears,1991,"Logan, WV",Berea College Special Collections and Archives,Rights Reserved by: Crystal Spears,"Paper, approximately 8.5 by 11 inches",English,Still image,Twentieth-century.,,
map_376,376,Helen Combs,0,"Happy, KY",Berea College Special Collections and Archives,Rights Reserved by: Helen Combs,"Paper, approximately 8.5 by 11 inches",English,Still image,Twentieth-century.,,
map_377,377,Henry Perry,0,"East Lynn, KY",Berea College Special Collections and Archives,Rights Reserved by: Henry Perry,"Paper, approximately 8.5 by 11 inches",English,Still image,Twentieth-century.,,
map_378,378,Herbert Harrison,0,"Harpers Ferry, WV",Berea College Special Collections and Archives,Rights Reserved by: Herbert Harrison,"Paper, approximately 8.5 by 11 inches",English,Still image,Twentieth-century.,,
map_379,379,Jenny Nelson,1991,"North Wilkesboro, NC",Berea College Special Collections and Archives,Rights Reserved by: Jenny Nelson,"Paper, approximately 8.5 by 11 inches",English,Still image,Twentieth-century.,,
map_380,380,James Evans,0,"Scottsboro, KY",Berea College Special Collections and Archives,Rights Reserved by: James Evans,"Paper, approximately 8.5 by 11 inches",English,Still image,Twentieth-century.,,
map_381,381,Marcia Marbury,1990,"Birmingham, AL",Berea College Special Collections and Archives,Rights Reserved by: Marcia Marbury,"Paper, approximately 8.5 by 11 inches",English,Still image,Twentieth-century.,,
map_382,382,James Myers,0,"Canaan Heights, WV",Berea College Special Collections and Archives,Rights Reserved by: James Myers,"Paper, approximately 8.5 by 11 inches",English,Still image,Twentieth-century.,,
map_383,383,Judy Kennedy,0,"Pound, KY",Berea College Special Collections and Archives,Rights Reserved by: Judy Kennedy,"Paper, approximately 8.5 by 11 inches",English,Still image,Twentieth-century.,,
map_384,384,Lorene Popplewell,1990,"Jamestown, KY",Berea College Special Collections and Archives,Rights Reserved by: Lorene Popplewell,"Paper, approximately 8.5 by 11 inches",English,Still image,Twentieth-century.,,
map_385,385,Jeanne Back,0,"Jeremiah, KY",Berea College Special Collections and Archives,Rights Reserved by: Jeanne Back,"Paper, approximately 8.5 by 11 inches",English,Still image,Twentieth-century.,,
map_386,386,Keith Brookshire,1990,"Balsam, NC",Berea College Special Collections and Archives,Rights Reserved by: Keith Brookshire,"Paper, approximately 8.5 by 11 inches",English,Still image,Twentieth-century.,,
map_387,387,Jeanne Harden,0,"Cumberland, KY",Berea College Special Collections and Archives,Rights Reserved by: Jeanne Harden,"Paper, approximately 8.5 by 11 inches",English,Still image,Twentieth-century.,,
map_388,388,Janet White,1990,"Berea, KY",Berea College Special Collections and Archives,Rights Reserved by: Janet White,"Paper, approximately 8.5 by 11 inches",English,Still image,Twentieth-century.,,
map_389,389,Jerry Thompson,0,"Baisden, KY",Berea College Special Collections and Archives,Rights Reserved by: Jerry Thompson,"Paper, approximately 8.5 by 11 inches",English,Still image,Twentieth-century.,,
map_390,390,Chris Field,1990,"Pittsburgh, PA",Berea College Special Collections and Archives,Rights Reserved by: Chris Field,"Paper, approximately 8.5 by 11 inches",English,Still image,Twentieth-century.,,
map_391,391,Jo Nuckols,0,"Anstead, KY",Berea College Special Collections and Archives,Rights Reserved by: Jo Nuckols,"Paper, approximately 8.5 by 11 inches",English,Still image,Twentieth-century.,,
map_392,392,John Milligan,0,"Greenville, TN",Berea College Special Collections and Archives,Rights Reserved by: John Milligan,"Paper, approximately 8.5 by 11 inches",English,Still image,Twentieth-century.,,
map_394,394,John Trusty,0,"Garret, KY",Berea College Special Collections and Archives,Rights Reserved by: John Trusty,"Paper, approximately 8.5 by 11 inches",English,Still image,Twentieth-century.,,
map_395,395,Monic Hill,1989,"Cincinnati, OH",Berea College Special Collections and Archives,Rights Reserved by: Monic Hill,"Paper, approximately 8.5 by 11 inches",English,Still image,Twentieth-century.,,
map_396,396,Mike Wehrte,1989,"Berea, KY",Berea College Special Collections and Archives,Rights Reserved by: Mike Wehrte,"Paper, approximately 8.5 by 11 inches",English,Still image,Twentieth-century.,,
map_397,397,Joyce Ross,0,"Morganton, NC",Berea College Special Collections and Archives,Rights Reserved by: Joyce Ross,"Paper, approximately 8.5 by 11 inches",English,Still image,Twentieth-century.,,
map_398,398,Lila Johnson,1989,"Scottsboro, AL",Berea College Special Collections and Archives,Rights Reserved by: Lila Johnson,"Paper, approximately 8.5 by 11 inches",English,Still image,Twentieth-century.,,
map_399,399,John B. Fowler,0,"Berea, KY",Berea College Special Collections and Archives,Rights Reserved by: John B. Fowler,"Paper, approximately 8.5 by 11 inches",English,Still image,Twentieth-century.,,
map_400,400,Janet Longley,1989,"Asheville, NC",Berea College Special Collections and Archives,Rights Reserved by: Janet Longley,"Paper, approximately 8.5 by 11 inches",English,Still image,Twentieth-century.,,
map_401,401,Albert Robbins,1955,"Hazard, KY",Berea College Special Collections and Archives,Rights Reserved by: Albert Robbins,"Paper, approximately 8.5 by 11 inches",English,Still image,Twentieth-century.,,
map_402,402,Jack Larwa,1989,", WV",Berea College Special Collections and Archives,Rights Reserved by: Jack Larwa,"Paper, approximately 8.5 by 11 inches",English,Still image,Twentieth-century.,,
map_403,403,Bobby Colgaw,1955,"Middlesboro, KY",Berea College Special Collections and Archives,Rights Reserved by: Bobby Colgaw,"Paper, approximately 8.5 by 11 inches",English,Still image,Twentieth-century.,,
map_404,404,Jack Evans,1989,"Grayson, KY",Berea College Special Collections and Archives,Rights Reserved by: Jack Evans,"Paper, approximately 8.5 by 11 inches",English,Still image,Twentieth-century.,,
map_405,405,Greg West,1989,"Cincinnati, OH",Berea College Special Collections and Archives,Rights Reserved by: Greg West,"Paper, approximately 8.5 by 11 inches",English,Still image,Twentieth-century.,,
map_406,406,Cecil Hatfield Williamson,1955,"Hatfield, WV",Berea College Special Collections and Archives,Rights Reserved by: Cecil Hatfield Williamson,"Paper, approximately 8.5 by 11 inches",English,Still image,Twentieth-century.,,
map_407,407,Bill Leheuru,1956,"Kingsport, TN",Berea College Special Collections and Archives,Rights Reserved by: Bill Leheuru,"Paper, approximately 8.5 by 11 inches",English,Still image,Twentieth-century.,,
map_408,408,Chris King,1989,", KY",Berea College Special Collections and Archives,Rights Reserved by: Chris King,"Paper, approximately 8.5 by 11 inches",English,Still image,Twentieth-century.,,
map_409,409,Delbert Combs,1956,"Jeff, KY",Berea College Special Collections and Archives,Rights Reserved by: Delbert Combs,"Paper, approximately 8.5 by 11 inches",English,Still image,Twentieth-century.,,
map_410,410,Carol Longley,1989,"Asheville, NC",Berea College Special Collections and Archives,Rights Reserved by: Carol Longley,"Paper, approximately 8.5 by 11 inches",English,Still image,Twentieth-century.,,
map_411,411,Dollie Dingus,1956,"Hite, KY",Berea College Special Collections and Archives,Rights Reserved by: Dollie Dingus,"Paper, approximately 8.5 by 11 inches",English,Still image,Twentieth-century.,,
map_412,412,Billy Sims,1989,"Kings Mountain, KY",Berea College Special Collections and Archives,Rights Reserved by: Billy Sims,"Paper, approximately 8.5 by 11 inches",English,Still image,Twentieth-century.,,
map_413,413,Gail Parsons,0,"Parsons, WV",Berea College Special Collections and Archives,Rights Reserved by: Gail Parsons,"Paper, approximately 8.5 by 11 inches",English,Still image,Twentieth-century.,,
map_414,414,Bambi Belmont,1989,"Charleston, WV",Berea College Special Collections and Archives,Rights Reserved by: Bambi Belmont,"Paper, approximately 8.5 by 11 inches",English,Still image,Twentieth-century.,,
map_415,415,Martin Wilson,1956,"Pineville, KY",Berea College Special Collections and Archives,Rights Reserved by: Martin Wilson,"Paper, approximately 8.5 by 11 inches",English,Still image,Twentieth-century.,,
map_416,416,Charles Adams,1988,"Flemingsburg, KY",Berea College Special Collections and Archives,Rights Reserved by: Charles Adams,"Paper, approximately 8.5 by 11 inches",English,Still image,Twentieth-century.,,
map_417,417,Murial Wright,1956,"Birmingham, AL",Berea College Special Collections and Archives,Rights Reserved by: Murial Wright,"Paper, approximately 8.5 by 11 inches",English,Still image,Twentieth-century.,,
map_418,418,Wayne Ratliff,1987,"Paintsville, KY",Berea College Special Collections and Archives,Rights Reserved by: Wayne Ratliff,"Paper, approximately 8.5 by 11 inches",English,Still image,Twentieth-century.,,
map_419,419,Susan Daffron,1987,"Blountville, TN",Berea College Special Collections and Archives,Rights Reserved by: Susan Daffron,"Paper, approximately 8.5 by 11 inches",English,Still image,Twentieth-century.,,
map_420,420,Shirley Jarvis,1956,"Lenoir, KY",Berea College Special Collections and Archives,Rights Reserved by: Shirley Jarvis,"Paper, approximately 8.5 by 11 inches",English,Still image,Twentieth-century.,,
map_421,421,Robert Gray,1987,"Beattyville, KY",Berea College Special Collections and Archives,Rights Reserved by: Robert Gray,"Paper, approximately 8.5 by 11 inches",English,Still image,Twentieth-century.,,
map_422,422,Kim Williams,1987,"Surgoinsville, TN",Berea College Special Collections and Archives,Rights Reserved by: Kim Williams,"Paper, approximately 8.5 by 11 inches",English,Still image,Twentieth-century.,,
map_423,423,Barbara Thomas,1966,"Middlesboro, KY",Berea College Special Collections and Archives,Rights Reserved by: Barbara Thomas,"Paper, approximately 8.5 by 11 inches",English,Still image,Twentieth-century.,,
map_424,424,Becca Hamner,1966,"Decatur, KY",Berea College Special Collections and Archives,Rights Reserved by: Becca Hamner,"Paper, approximately 8.5 by 11 inches",English,Still image,Twentieth-century.,,
map_425,425,Becca Hamner,1966,"Decatur, KY",Berea College Special Collections and Archives,Rights Reserved by: Becca Hamner,"Paper, approximately 8.5 by 11 inches",English,Still image,Twentieth-century.,,
map_426,426,Earnest A Baker,0,"Bradshaw, WV",Berea College Special Collections and Archives,Rights Reserved by: Earnest A Baker,"Paper, approximately 8.5 by 11 inches",English,Still image,Twentieth-century.,,
map_427,427,Betty Lou Miller,1966,"Liberty, KY",Berea College Special Collections and Archives,Rights Reserved by: Betty Lou Miller,"Paper, approximately 8.5 by 11 inches",English,Still image,Twentieth-century.,,
map_428,428,Frieda Meade,0,"Madison, WV",Berea College Special Collections and Archives,Rights Reserved by: Frieda Meade,"Paper, approximately 8.5 by 11 inches",English,Still image,Twentieth-century.,,
map_429,429,Bobby Jo Gay,1966,", KY",Berea College Special Collections and Archives,Rights Reserved by: Bobby Jo Gay,"Paper, approximately 8.5 by 11 inches",English,Still image,Twentieth-century.,,
map_430,430,"Aaron Philips	",1971,"Franklin, NC",Berea College Special Collections and Archives,"Rights Reserved by: Aaron Philips	","Paper, approximately 8.5 by 11 inches",English,Still image,Twentieth-century.,,
map_431,431,Allan Bareger,1971,"Lexington, VA",Berea College Special Collections and Archives,Rights Reserved by: Allan Bareger,"Paper, approximately 8.5 by 11 inches",English,Still image,Twentieth-century.,,
map_432,432,"Betty Poynter	",1971,"Ber, KY",Berea College Special Collections and Archives,"Rights Reserved by: Betty Poynter	","Paper, approximately 8.5 by 11 inches",English,Still image,Twentieth-century.,,
map_433,433,Billy Roberts,1971,"Marshall, NC",Berea College Special Collections and Archives,Rights Reserved by: Billy Roberts,"Paper, approximately 8.5 by 11 inches",English,Still image,Twentieth-century.,,
map_434,434,Carol Parris,1971,"Bluefield, VA",Berea College Special Collections and Archives,Rights Reserved by: Carol Parris,"Paper, approximately 8.5 by 11 inches",English,Still image,Twentieth-century.,,
map_435,435,Genenne Wilson,1971,"Candler, NC",Berea College Special Collections and Archives,Rights Reserved by: Genenne Wilson,"Paper, approximately 8.5 by 11 inches",English,Still image,Twentieth-century.,,
map_436,436,John Baldwin,1971,"Canada, KY",Berea College Special Collections and Archives,Rights Reserved by: John Baldwin,"Paper, approximately 8.5 by 11 inches",English,Still image,Twentieth-century.,,
map_437,437,K. Wallace,1971,"Smyrna, SC",Berea College Special Collections and Archives,Rights Reserved by: K. Wallace,"Paper, approximately 8.5 by 11 inches",English,Still image,Twentieth-century.,,
map_438,438,Linda Fuller,1971,"Marion, VA",Berea College Special Collections and Archives,Rights Reserved by: Linda Fuller,"Paper, approximately 8.5 by 11 inches",English,Still image,Twentieth-century.,,
map_439,439,Michael Browning,1971,"Lancaster, KY",Berea College Special Collections and Archives,Rights Reserved by: Michael Browning,"Paper, approximately 8.5 by 11 inches",English,Still image,Twentieth-century.,,
map_440,440,Rebecca White,1971,"Monticello, KY",Berea College Special Collections and Archives,Rights Reserved by: Rebecca White,"Paper, approximately 8.5 by 11 inches",English,Still image,Twentieth-century.,,
map_441,441,Robert Goddard,1971,", WV",Berea College Special Collections and Archives,Rights Reserved by: Robert Goddard,"Paper, approximately 8.5 by 11 inches",English,Still image,Twentieth-century.,,
map_442,442,Ronnie Delph,1971,"McRoberts, KY",Berea College Special Collections and Archives,Rights Reserved by: Ronnie Delph,"Paper, approximately 8.5 by 11 inches",English,Still image,Twentieth-century.,,
map_443,443,Rusty Wilburn,1971,"Narrows, VA",Berea College Special Collections and Archives,Rights Reserved by: Rusty Wilburn,"Paper, approximately 8.5 by 11 inches",English,Still image,Twentieth-century.,,
map_444,444,Sandy Fix,1971,"Buchanan, VA",Berea College Special Collections and Archives,Rights Reserved by: Sandy Fix,"Paper, approximately 8.5 by 11 inches",English,Still image,Twentieth-century.,,
map_445,445,Sandy Walke,1971,"Wytheville, VA",Berea College Special Collections and Archives,Rights Reserved by: Sandy Walke,"Paper, approximately 8.5 by 11 inches",English,Still image,Twentieth-century.,,
map_446,446,Shelia Frye,1971,"Sweetwater, TN",Berea College Special Collections and Archives,Rights Reserved by: Shelia Frye,"Paper, approximately 8.5 by 11 inches",English,Still image,Twentieth-century.,,
map_447,447,Susie Madden,1971,"Elkins, WV",Berea College Special Collections and Archives,Rights Reserved by: Susie Madden,"Paper, approximately 8.5 by 11 inches",English,Still image,Twentieth-century.,,
map_448,448,Tom Markland,1971,"St. Clairville, OH",Berea College Special Collections and Archives,Rights Reserved by: Tom Markland,"Paper, approximately 8.5 by 11 inches",English,Still image,Twentieth-century.,,
map_449,449,William Stine,1971,"Blountville, TN",Berea College Special Collections and Archives,Rights Reserved by: William Stine,"Paper, approximately 8.5 by 11 inches",English,Still image,Twentieth-century.,,
map_450,450,Aaron Philips,1971,"Franklin, NC",Berea College Special Collections and Archives,Rights Reserved by: Aaron Philips,"Paper, approximately 8.5 by 11 inches",English,Still image,Twentieth-century.,,
map_451,451,Bobby S. Parsons,1957,"Blount, AL",Berea College Special Collections and Archives,Rights Reserved by: Bobby S. Parsons,"Paper, approximately 8.5 by 11 inches",English,Still image,Twentieth-century.,,
map_452,452,Hollis Flynn,1957,"Somerset, KY",Berea College Special Collections and Archives,Rights Reserved by: Hollis Flynn,"Paper, approximately 8.5 by 11 inches",English,Still image,Twentieth-century.,,
map_453,453,John Kenneth Terry,1957,"Jackson, KY",Berea College Special Collections and Archives,Rights Reserved by: John Kenneth Terry,"Paper, approximately 8.5 by 11 inches",English,Still image,Twentieth-century.,,
map_454,454,John Kenneth Terry,1957,"Jackson, KY",Berea College Special Collections and Archives,Rights Reserved by: John Kenneth Terry,"Paper, approximately 8.5 by 11 inches",English,Still image,Twentieth-century.,,
map_455,455,Larry Baber,1957,"Frog Level Community, NC",Berea College Special Collections and Archives,Rights Reserved by: Larry Baber,"Paper, approximately 8.5 by 11 inches",English,Still image,Twentieth-century.,,
map_456,456,Marvin E. Carroll,1957,"Olive Hill, KY",Berea College Special Collections and Archives,Rights Reserved by: Marvin E. Carroll,"Paper, approximately 8.5 by 11 inches",English,Still image,Twentieth-century.,,
map_457,457,Betty Pierce,1969,"Duff, TN",Berea College Special Collections and Archives,Rights Reserved by: Betty Pierce,"Paper, approximately 8.5 by 11 inches",English,Still image,Twentieth-century.,,
map_458,458,Patsy Brown,1957,"Rogersville, TN",Berea College Special Collections and Archives,Rights Reserved by: Patsy Brown,"Paper, approximately 8.5 by 11 inches",English,Still image,Twentieth-century.,,
map_459,459,Carmelita Pauley,1969,"Wayne, WV",Berea College Special Collections and Archives,Rights Reserved by: Carmelita Pauley,"Paper, approximately 8.5 by 11 inches",English,Still image,Twentieth-century.,,
map_460,460,Earlene Hawks,1969,"Ararat, KY",Berea College Special Collections and Archives,Rights Reserved by: Earlene Hawks,"Paper, approximately 8.5 by 11 inches",English,Still image,Twentieth-century.,,
map_461,461,Vernon,1957,"Mousie, KY",Berea College Special Collections and Archives,Rights Reserved by: Vernon,"Paper, approximately 8.5 by 11 inches",English,Still image,Twentieth-century.,,
map_462,462,Willa Ann Boone,1957,"Newdale, NC",Berea College Special Collections and Archives,Rights Reserved by: Willa Ann Boone,"Paper, approximately 8.5 by 11 inches",English,Still image,Twentieth-century.,,
map_463,463,John Sanslow,1969,"Riverside, VA",Berea College Special Collections and Archives,Rights Reserved by: John Sanslow,"Paper, approximately 8.5 by 11 inches",English,Still image,Twentieth-century.,,
map_464,464,Carson Miracle,1958,"Tazewell, TN",Berea College Special Collections and Archives,Rights Reserved by: Carson Miracle,"Paper, approximately 8.5 by 11 inches",English,Still image,Twentieth-century.,,
map_465,465,Judith Ann Sharp,1958,"Huntsville, TN",Berea College Special Collections and Archives,Rights Reserved by: Judith Ann Sharp,"Paper, approximately 8.5 by 11 inches",English,Still image,Twentieth-century.,,
map_466,466,Linda Wheeler,1958,"Wheeler, KY",Berea College Special Collections and Archives,Rights Reserved by: Linda Wheeler,"Paper, approximately 8.5 by 11 inches",English,Still image,Twentieth-century.,,
map_467,467,Julie Caleebs,1969,"Barbourville, KY",Berea College Special Collections and Archives,Rights Reserved by: Julie Caleebs,"Paper, approximately 8.5 by 11 inches",English,Still image,Twentieth-century.,,
map_468,468,Mary Alice,1958,"Harlan, KY",Berea College Special Collections and Archives,Rights Reserved by: Mary Alice,"Paper, approximately 8.5 by 11 inches",English,Still image,Twentieth-century.,,
map_469,469,Leonard Maigar,1969,"Asheville, NC",Berea College Special Collections and Archives,Rights Reserved by: Leonard Maigar,"Paper, approximately 8.5 by 11 inches",English,Still image,Twentieth-century.,,
map_470,470,Roxie Wickline,1958,"Union, WV",Berea College Special Collections and Archives,Rights Reserved by: Roxie Wickline,"Paper, approximately 8.5 by 11 inches",English,Still image,Twentieth-century.,,
map_471,471,Melani Colley,1969,"Birchleaf, VA",Berea College Special Collections and Archives,Rights Reserved by: Melani Colley,"Paper, approximately 8.5 by 11 inches",English,Still image,Twentieth-century.,,
map_472,472,Sybil Gregory,1958,", NC",Berea College Special Collections and Archives,Rights Reserved by: Sybil Gregory,"Paper, approximately 8.5 by 11 inches",English,Still image,Twentieth-century.,,
map_473,473,Pamela Baldwin,1969,"Kopperston, WV",Berea College Special Collections and Archives,Rights Reserved by: Pamela Baldwin,"Paper, approximately 8.5 by 11 inches",English,Still image,Twentieth-century.,,
map_474,474,Vernon York,1958,"Jamestown, KY",Berea College Special Collections and Archives,Rights Reserved by: Vernon York,"Paper, approximately 8.5 by 11 inches",English,Still image,Twentieth-century.,,
map_475,475,Walter Ward Jr.,1958,", KY",Berea College Special Collections and Archives,Rights Reserved by: Walter Ward Jr.,"Paper, approximately 8.5 by 11 inches",English,Still image,Twentieth-century.,,
map_476,476,Walter Ward Jr.,1958,"Willaimsport, KY",Berea College Special Collections and Archives,Rights Reserved by: Walter Ward Jr.,"Paper, approximately 8.5 by 11 inches",English,Still image,Twentieth-century.,,
map_477,477,Roger Braden,1969,"Braden Flats, TN",Berea College Special Collections and Archives,Rights Reserved by: Roger Braden,"Paper, approximately 8.5 by 11 inches",English,Still image,Twentieth-century.,,
map_478,478,Shayla Damron,1969,", KY",Berea College Special Collections and Archives,Rights Reserved by: Shayla Damron,"Paper, approximately 8.5 by 11 inches",English,Still image,Twentieth-century.,,
map_479,479,Wesley Harris,1958,"Jonesville, VA",Berea College Special Collections and Archives,Rights Reserved by: Wesley Harris,"Paper, approximately 8.5 by 11 inches",English,Still image,Twentieth-century.,,
map_480,480,Susie Stewart,1969,"Lenoir City, TN",Berea College Special Collections and Archives,Rights Reserved by: Susie Stewart,"Paper, approximately 8.5 by 11 inches",English,Still image,Twentieth-century.,,
map_481,481,Willard Ashworth,1958,"Happy, KY",Berea College Special Collections and Archives,Rights Reserved by: Willard Ashworth,"Paper, approximately 8.5 by 11 inches",English,Still image,Twentieth-century.,,
map_482,482,Bill Waycaster,0,"Marrion, NC",Berea College Special Collections and Archives,Rights Reserved by: Bill Waycaster,"Paper, approximately 8.5 by 11 inches",English,Still image,Twentieth-century.,,
map_483,483,Vicky Perdue,1969,"Redfox, KY",Berea College Special Collections and Archives,Rights Reserved by: Vicky Perdue,"Paper, approximately 8.5 by 11 inches",English,Still image,Twentieth-century.,,
map_484,484,Carl Haught,1959,", WV",Berea College Special Collections and Archives,Rights Reserved by: Carl Haught,"Paper, approximately 8.5 by 11 inches",English,Still image,Twentieth-century.,,
map_485,485,Duckett,1969,", SC",Berea College Special Collections and Archives,Rights Reserved by: Duckett,"Paper, approximately 8.5 by 11 inches",English,Still image,Twentieth-century.,,
map_486,486,Ella Moore,1959,"Cliff, KY",Berea College Special Collections and Archives,Rights Reserved by: Ella Moore,"Paper, approximately 8.5 by 11 inches",English,Still image,Twentieth-century.,,
map_487,487,Patricia Graham,0,", VA",Berea College Special Collections and Archives,Rights Reserved by: Patricia Graham,"Paper, approximately 8.5 by 11 inches",English,Still image,Twentieth-century.,,
map_488,488,Harriet Smargian,1959,"Pageton, WV",Berea College Special Collections and Archives,Rights Reserved by: Harriet Smargian,"Paper, approximately 8.5 by 11 inches",English,Still image,Twentieth-century.,,
map_489,489,Sue Peters,1968,"Clifton Forge, VA",Berea College Special Collections and Archives,Rights Reserved by: Sue Peters,"Paper, approximately 8.5 by 11 inches",English,Still image,Twentieth-century.,,
map_490,490,Howard Scoggin,1959,", NC",Berea College Special Collections and Archives,Rights Reserved by: Howard Scoggin,"Paper, approximately 8.5 by 11 inches",English,Still image,Twentieth-century.,,
map_491,491,Tommy Stone,1968,"Martin, KY",Berea College Special Collections and Archives,Rights Reserved by: Tommy Stone,"Paper, approximately 8.5 by 11 inches",English,Still image,Twentieth-century.,,
map_492,492,Judith Thompson,1959,", WV",Berea College Special Collections and Archives,Rights Reserved by: Judith Thompson,"Paper, approximately 8.5 by 11 inches",English,Still image,Twentieth-century.,,
map_493,493,Phyllis Combs,1959,"Hazard, KY",Berea College Special Collections and Archives,Rights Reserved by: Phyllis Combs,"Paper, approximately 8.5 by 11 inches",English,Still image,Twentieth-century.,,
map_494,494,Charlotte Cook,0,"Bristol, VA",Berea College Special Collections and Archives,Rights Reserved by: Charlotte Cook,"Paper, approximately 8.5 by 11 inches",English,Still image,Twentieth-century.,,
map_495,495,Clyde Draughn,0,"Dobson, NC",Berea College Special Collections and Archives,Rights Reserved by: Clyde Draughn,"Paper, approximately 8.5 by 11 inches",English,Still image,Twentieth-century.,,
map_496,496,Collene A. Gibson,0,"Elkins, WV",Berea College Special Collections and Archives,Rights Reserved by: Collene A. Gibson,"Paper, approximately 8.5 by 11 inches",English,Still image,Twentieth-century.,,
map_497,497,Curtis Caudill,0,"Cumberland, KY",Berea College Special Collections and Archives,Rights Reserved by: Curtis Caudill,"Paper, approximately 8.5 by 11 inches",English,Still image,Twentieth-century.,,
map_498,498,Curtis Styles,0,"Waynesville, NC",Berea College Special Collections and Archives,Rights Reserved by: Curtis Styles,"Paper, approximately 8.5 by 11 inches",English,Still image,Twentieth-century.,,
map_499,499,Dale Greenwalt,0,"Kline, WV",Berea College Special Collections and Archives,Rights Reserved by: Dale Greenwalt,"Paper, approximately 8.5 by 11 inches",English,Still image,Twentieth-century.,,
map_500,500,Dale Meek,0,"Louisa, KY",Berea College Special Collections and Archives,Rights Reserved by: Dale Meek,"Paper, approximately 8.5 by 11 inches",English,Still image,Twentieth-century.,,
map_501,501,Daniel Miller,0,"Fort Spring, WV",Berea College Special Collections and Archives,Rights Reserved by: Daniel Miller,"Paper, approximately 8.5 by 11 inches",English,Still image,Twentieth-century.,,
map_502,502,David Hess,0,"Williamson, WV",Berea College Special Collections and Archives,Rights Reserved by: David Hess,"Paper, approximately 8.5 by 11 inches",English,Still image,Twentieth-century.,,
map_503,503,David Hess,0,"Belfrey, WV",Berea College Special Collections and Archives,Rights Reserved by: David Hess,"Paper, approximately 8.5 by 11 inches",English,Still image,Twentieth-century.,,
map_504,504,Delores Branham,0,"Cumberland, KY",Berea College Special Collections and Archives,Rights Reserved by: Delores Branham,"Paper, approximately 8.5 by 11 inches",English,Still image,Twentieth-century.,,
map_505,505,Dennis Lewis,0,"Big Hill, KY",Berea College Special Collections and Archives,Rights Reserved by: Dennis Lewis,"Paper, approximately 8.5 by 11 inches",English,Still image,Twentieth-century.,,
map_506,506,Denver Parks,0,"Corbin, KY",Berea College Special Collections and Archives,Rights Reserved by: Denver Parks,"Paper, approximately 8.5 by 11 inches",English,Still image,Twentieth-century.,,
map_507,507,Denzil Hall,0,", KY",Berea College Special Collections and Archives,Rights Reserved by: Denzil Hall,"Paper, approximately 8.5 by 11 inches",English,Still image,Twentieth-century.,,
map_508,508,Burnette Cook,0,", KY",Berea College Special Collections and Archives,Rights Reserved by: Burnette Cook,"Paper, approximately 8.5 by 11 inches",English,Still image,Twentieth-century.,,
map_509,509,Carl Birkhead,0,"Louisa, KY",Berea College Special Collections and Archives,Rights Reserved by: Carl Birkhead,"Paper, approximately 8.5 by 11 inches",English,Still image,Twentieth-century.,,
map_510,510,Cecil Nanngy,0,"Black Mountain, KY",Berea College Special Collections and Archives,Rights Reserved by: Cecil Nanngy,"Paper, approximately 8.5 by 11 inches",English,Still image,Twentieth-century.,,
map_511,511,Phyllis Whitlock,1959,"Floyd, VA",Berea College Special Collections and Archives,Rights Reserved by: Phyllis Whitlock,"Paper, approximately 8.5 by 11 inches",English,Still image,Twentieth-century.,,
map_512,512,Rose Ellen Hayes,1959,"Hindman, KY",Berea College Special Collections and Archives,Rights Reserved by: Rose Ellen Hayes,"Paper, approximately 8.5 by 11 inches",English,Still image,Twentieth-century.,,
map_513,513,Wanda Asher,1959,"Red Bird, KY",Berea College Special Collections and Archives,Rights Reserved by: Wanda Asher,"Paper, approximately 8.5 by 11 inches",English,Still image,Twentieth-century.,,
map_514,514,Linda Hall,1960,"Asheville, NC",Berea College Special Collections and Archives,Rights Reserved by: Linda Hall,"Paper, approximately 8.5 by 11 inches",English,Still image,Twentieth-century.,,
map_515,515,Carl Hilson,1967,"Cincinnati, OH",Berea College Special Collections and Archives,Rights Reserved by: Carl Hilson,"Paper, approximately 8.5 by 11 inches",English,Still image,Twentieth-century.,,
map_516,516,Mary Edna Wright,1960,"Daisy, TN",Berea College Special Collections and Archives,Rights Reserved by: Mary Edna Wright,"Paper, approximately 8.5 by 11 inches",English,Still image,Twentieth-century.,,
map_517,517,Phyllis Dutton,1960,"Caney Fork, KY",Berea College Special Collections and Archives,Rights Reserved by: Phyllis Dutton,"Paper, approximately 8.5 by 11 inches",English,Still image,Twentieth-century.,,
map_518,518,Brenda Dingus,1968,"St. Paul, VA",Berea College Special Collections and Archives,Rights Reserved by: Brenda Dingus,"Paper, approximately 8.5 by 11 inches",English,Still image,Twentieth-century.,,
map_519,519,Robert Johnson,1960,"Lake City, TN",Berea College Special Collections and Archives,Rights Reserved by: Robert Johnson,"Paper, approximately 8.5 by 11 inches",English,Still image,Twentieth-century.,,
map_520,520,Shirley Nelson,1960,"Insull, KY",Berea College Special Collections and Archives,Rights Reserved by: Shirley Nelson,"Paper, approximately 8.5 by 11 inches",English,Still image,Twentieth-century.,,
map_521,521,JT Coomer,0,"Jones Chapel, KY",Berea College Special Collections and Archives,Rights Reserved by: JT Coomer,"Paper, approximately 8.5 by 11 inches",English,Still image,Twentieth-century.,,
map_522,522,Thomas Goodin Banner,1960,", KY",Berea College Special Collections and Archives,Rights Reserved by: Thomas Goodin Banner,"Paper, approximately 8.5 by 11 inches",English,Still image,Twentieth-century.,,
map_523,523,Wayne Geiss,0,"Chandlerevile, KY",Berea College Special Collections and Archives,Rights Reserved by: Wayne Geiss,"Paper, approximately 8.5 by 11 inches",English,Still image,Twentieth-century.,,
map_524,524,W.H. Witt,0,"Louisa, KY",Berea College Special Collections and Archives,Rights Reserved by: W.H. Witt,"Paper, approximately 8.5 by 11 inches",English,Still image,Twentieth-century.,,
map_525,525,Willard Grayhart,0,"Corbin, KY",Berea College Special Collections and Archives,Rights Reserved by: Willard Grayhart,"Paper, approximately 8.5 by 11 inches",English,Still image,Twentieth-century.,,
map_526,526,Willard Hones,0,", KY",Berea College Special Collections and Archives,Rights Reserved by: Willard Hones,"Paper, approximately 8.5 by 11 inches",English,Still image,Twentieth-century.,,
map_527,527,Wilma J. Hylton,0,"Laurel Branch, VA",Berea College Special Collections and Archives,Rights Reserved by: Wilma J. Hylton,"Paper, approximately 8.5 by 11 inches",English,Still image,Twentieth-century.,,
map_528,528,Yvonne Deal,0,"Swannannoa, NC",Berea College Special Collections and Archives,Rights Reserved by: Yvonne Deal,"Paper, approximately 8.5 by 11 inches",English,Still image,Twentieth-century.,,
map_529,529,Donna Clames,1966,"Beattyville, KY",Berea College Special Collections and Archives,Rights Reserved by: Donna Clames,"Paper, approximately 8.5 by 11 inches",English,Still image,Twentieth-century.,,
map_530,530,Cleta Counts,1973,"Haysi, VA",Berea College Special Collections and Archives,Rights Reserved by: Cleta Counts,"Paper, approximately 8.5 by 11 inches",English,Still image,Twentieth-century.,,
map_531,531,Tina Hallam,1977,"Berea, KY",Berea College Special Collections and Archives,Rights Reserved by: Tina Hallam,"Paper, approximately 8.5 by 11 inches",English,Still image,Twentieth-century.,,
map_532,532,,0,"Berea, KY",Berea College Special Collections and Archives,Rights Reserved by: ,"Paper, approximately 8.5 by 11 inches",English,Still image,Twentieth-century.,,
map_533,533,Carl Hoefer,0,"Hardin Valley, TN",Berea College Special Collections and Archives,Rights Reserved by: Carl Hoefer,"Paper, approximately 8.5 by 11 inches",English,Still image,Twentieth-century.,,
map_534,534,Cathy Adkins,0,"Ashland, KY",Berea College Special Collections and Archives,Rights Reserved by: Cathy Adkins,"Paper, approximately 8.5 by 11 inches",English,Still image,Twentieth-century.,,
map_535,535,Charlene Plemmons,0,"Altmont, KY",Berea College Special Collections and Archives,Rights Reserved by: Charlene Plemmons,"Paper, approximately 8.5 by 11 inches",English,Still image,Twentieth-century.,,
map_536,536,Dexter Cohen,0,", KY",Berea College Special Collections and Archives,Rights Reserved by: Dexter Cohen,"Paper, approximately 8.5 by 11 inches",English,Still image,Twentieth-century.,,
map_537,537,Don Beatty,0,"Jeff, KY",Berea College Special Collections and Archives,Rights Reserved by: Don Beatty,"Paper, approximately 8.5 by 11 inches",English,Still image,Twentieth-century.,,
map_538,538,Donna Brown,0,"Oceana, KY",Berea College Special Collections and Archives,Rights Reserved by: Donna Brown,"Paper, approximately 8.5 by 11 inches",English,Still image,Twentieth-century.,,
map_539,539,Donnie Munay,0,"Hegira, KY",Berea College Special Collections and Archives,Rights Reserved by: Donnie Munay,"Paper, approximately 8.5 by 11 inches",English,Still image,Twentieth-century.,,
map_540,540,Dorothy E. Skaggs,0,"Anstead, KY",Berea College Special Collections and Archives,Rights Reserved by: Dorothy E. Skaggs,"Paper, approximately 8.5 by 11 inches",English,Still image,Twentieth-century.,,
map_541,541,Ellen Carpenter,0,"Berea, KY",Berea College Special Collections and Archives,Rights Reserved by: Ellen Carpenter,"Paper, approximately 8.5 by 11 inches",English,Still image,Twentieth-century.,,
map_542,542,Emily Scott,0,"Mudlick, KY",Berea College Special Collections and Archives,Rights Reserved by: Emily Scott,"Paper, approximately 8.5 by 11 inches",English,Still image,Twentieth-century.,,
map_543,543,E. T. Kash Jr.,0,"Hazel Green, KY",Berea College Special Collections and Archives,Rights Reserved by: E. T. Kash Jr.,"Paper, approximately 8.5 by 11 inches",English,Still image,Twentieth-century.,,
map_544,544,Eugene Fraley,0,"Elliotville, KY",Berea College Special Collections and Archives,Rights Reserved by: Eugene Fraley,"Paper, approximately 8.5 by 11 inches",English,Still image,Twentieth-century.,,
map_545,545,Eugene Holbrook,0,", KY",Berea College Special Collections and Archives,Rights Reserved by: Eugene Holbrook,"Paper, approximately 8.5 by 11 inches",English,Still image,Twentieth-century.,,
map_546,546,Finley Laye,0,"Jellico, TN",Berea College Special Collections and Archives,Rights Reserved by: Finley Laye,"Paper, approximately 8.5 by 11 inches",English,Still image,Twentieth-century.,,
map_547,547,Floyd K. Bevins,0,"Hatfield, KY",Berea College Special Collections and Archives,Rights Reserved by: Floyd K. Bevins,"Paper, approximately 8.5 by 11 inches",English,Still image,Twentieth-century.,,
map_548,548,G.T. Blakey Jr.,0,"Beattyville, KY",Berea College Special Collections and Archives,Rights Reserved by: G.T. Blakey Jr.,"Paper, approximately 8.5 by 11 inches",English,Still image,Twentieth-century.,,
